unidade,uf,cidade,nome,ativa
4ST,SC,PALHOCA-SC,4 ESTACOES,N
ACJ,SE,ARACAJU-SE,LOG SERVICOS E,N
AGO,GO,APARECIDA DE GOIANIA,DIALOGO APARECI,S
AGU,RS,CARAZINHO-RS,AGUSTINHO OSMAR,N
AJU,SE,ARACAJU-SE,DISTRIBUIDORA S,S
ALA,AL,MACEIO-AL,DIALOGO LOGISTI,N
ALX,SP,JUNDIAI-SP,ALMOXARIFADO DL,S
AME,SP,AMERICANA-SP,NOVA ESTRUTURA,N
AMZ,SP,JUNDIAI-SP,DLG JUNDIAI AMA,N
ANA,GO,ANAPOLIS-GO,DIALOGO ANALPOL,S
ANL,GO,ANAPOLIS-GO,DIALOGO ANAPOLI,S
ANP,GO,ANAPOLIS-GO,SEGURANCA PATRI,S
APG,GO,GOIANIA-GO,CENTRO OESTE CA,N
AQA,SP,ARARAQUARA-SP,COMERCIAL ANDRA,N
ARA,SP,ARACATUBA-SP,K D F DISTRIBUI,N
ARC,ES,VITORIA-ES,CP DISTRIBUICAO,S
ARP,AL,ARAPIRACA-AL,LOG SERVICOS E,S
ARU,SP,ARUJA-SP,LOJAS RENER S.A,N
BA2,BA,SIMOES FILHO-BA,DIALOGO SALVADO,N
BAE,RS,BAGE-RS,PEREIRA LOGISTI,S
BAG,RS,BAGE-RS,MODO LOGISTICA,N
BAH,BA,SIMOES FILHO-BA,DIALOGO LOGISTI,N
BAL,SC,BALNEARIO CAMBORIU-S,ESPINDOLA LOGIS,N
BAN,RJ,RIO DE JANEIRO-RJ,WC LOG,S
BAT,SP,BARRETOS-SP,ABDELNUR FRANCI,N
BAU,SP,BAURU-SP,BEX EXPRESS,N
BCU,SC,ITAJAI-SC,FALCON EXPRESS,N
BEL,PA,BELEM-PA,NOVA NORTE BELE,N
BGE,RS,BAGE-RS,SERGIO OLIVEIRA,N
BGP,SP,BRAGANCA PAULISTA-SP,CHT LOGISTICA T,S
BH1,MG,BELO HORIZONTE-MG,DIRECT DELIVERY,N
BH2,MG,CONTAGEM-MG,DIALOGO PROPRIA,N
BH8,MG,CONTAGEM-MG,DIALOGO PROPRIA,S
BHD,MG,CONTAGEM-MG,DLG DEVOLUCOES,S
BHR,MG,CONTAGEM-MG,DLG BH REDESPAC,S
BHZ,MG,CONTAGEM-MG,DLG BH HUB,S
BL2,SC,GASPAR-SC,DIALOGO LOGISTI,S
BLN,SC,CAMBORIU-SC,MRL LOGISTICA,N
BLR,RJ,BELFORD ROXO-RJ,WC LOG,S
BLU,SC,CAMBORIU-SC,MRL LOGISTICA,S
BNC,SC,ITAJAI-SC,ALP LOGISTICA,S
BNT,SC,BLUMENAU-SC,OPERACAO LOVATO,N
BNU,SC,BLUMENAU-SC,RF EXPRESS,S
BOM,RJ,RIO DE JANEIRO-RJ,WC LOG,S
BOT,PR,CAMPINA GRANDE DO SU,DLG BOTICARIO,S
BPO,RS,CACHOEIRINHA-RS,BBM PORTO ALEGR,N
BRS,DF,BRASILIA (TAGUATINGA,DIALOGO BRASILI,N
BRT,RJ,RIO DE JANEIRO-RJ,WC LOG,S
BRU,SP,BAURU-SP,BEX TRANSPORTE,S
BS1,DF,BRASILIA-DF,DIALOGO LOGISTI,S
BSB,DF,GAMA-DF,DIALOGO LOGISTI,S
BSL,DF,BRASILIA (GUARA)-DF,DIALOGO LOGISTI,S
BTC,SP,CAJAMAR-SP,PA BOTICARIO,S
BXG,ES,VITORIA-ES,CP DISTRIBUICAO,S
BYB,DF,GAMA-DF,DIALOGO LOGISTI,S
BYP,DF,GAMA-DF,DIALOGO LOGISTI,S
BYS,SC,PALHOCA-SC,DIALOGO LOGISTI,S
CA2,RS,CACHOEIRINHA-RS,03502099000118,N
CA3,RS,GRAVATAI-RS,DLG CACHOEIRINH,S
CAB,SP,CABREUVA-SP,PA CABREUVA,S
CAC,PR,CASCAVEL-PR,SET CINCO TRANS,S
CAF,SP,CAJAMAR-SP,PA CARREFOUR,S
CAI,ES,VITORIA-ES,CP DISTRIBUICAO,S
CAJ,SP,CAJAMAR-SP,DIALOGO LOGISTI,N
CAM,SP,CAMPINAS-SP,BONFIMLOG,S
CAP,RS,PORTO ALEGRE-RS,OPERACOES LOGIS,N
CAR,RS,PASSO FUNDO-RS,TRANS OLIVEIRA,N
CAX,RS,CAXIAS DO SUL-RS,RA NORA DISTRIB,S
CBX,PR,CURITIBA-PR,DLG EXPRESSA CU,N
CCA,SC,CRICIUMA-SC,CRT TRANSPORTES,S
CCG,RS,PORTO ALEGRE-RS,PROJETOS E IMPL,S
CCM,SC,CRICIUMA-SC,TIRELLI DISTRIB,N
CDI,ES,CACHOEIRO DE ITAPEMI,SA EXPRESS,S
CDS,RS,PORTO ALEGRE-RS,OPERACOES LOGIS,N
CEA,SP,SAO PAULO-SP,CEA MODAS LTDA,S
CEN,MG,EXTREMA-MG,DLG JUNDIAI CEN,S
CES,SP,SAO PAULO-SP,CARRIERS,N
CGB,MT,VARZEA GRANDE-MT,CENTRAL NORTE D,N
CGR,MS,CAMPO GRANDE-MS,MS COLETAS E EN,N
CH1,SC,CHAPECO-SC,DIALOGO LOGISTI,S
CHA,SC,CHAPECO-SC,MARLENE DA SILV,S
CIP,RS,PORTO ALEGRE-RS,GASTOS CORP. DI,S
CJN,SP,JUNDIAI-SP,CORREIOS JND,N
CLD,RS,PORTO ALEGRE-RS,CORREIOS LOJA D,N
CLT,ES,COLATINA-ES,MOTO EXPRESS,S
CMA,SC,ICARA-SC,BIC TRANSPORTE,N
CMQ,RS,CAMAQUA-RS,MICHELON LOGIST,S
CNF,MG,CONTAGEM-MG,DLG CNF,S
CNS,RS,CANOAS-RS,FAMILIA JAVONI,N
COE,MG,CONTAGEM-MG,DIALOGO PROPRIA,N
COG,RJ,RIO DE JANEIRO-RJ,WC LOG,S
COL,ES,VITORIA-ES,CP DISTRIBUICAO,S
COM,RS,PORTO ALEGRE-RS,GERENCIA COMERC,N
COR,RS,PORTO ALEGRE-RS,CORREIOS,S
CPA,RS,XANGRI-LA-RS,ALP SOLUCOES LO,S
CPC,SC,CHAPECO-SC,X EXPRESS TRANS,S
CPG,PB,CAMPINA GRANDE-PB,LOG SERVICOS E,S
CPI,RS,MOSTARDAS-RS,LEONEL L F PACH,N
CPN,RS,CAPAO DA CANOA-RS,CD CAPAO,S
CPR,PR,CURITIBA-PR,CORREIOS PR,N
CRC,SC,CRICIUMA-SC,PRIME LOGISTICA,S
CRI,SC,ICARA-SC,TRENO TRANSPORT,S
CRS,RS,PORTO ALEGRE-RS,CORREIOS RS,N
CSC,SC,FLORIANOPOLIS-SC,CORREIOS SC,N
CSP,SP,JUNDIAI-SP,CORREIOS SP,S
CTB,PR,SAO JOSE DOS PINHAIS,SEGURANCA PATRI,S
CTG,MG,CONTAGEM-MG,SEGURANCA PATRI,S
CVL,PR,CASCAVEL-PR,J. ANDREOLA E C,N
CW1,PR,CURITIBA-PR,LONDONLOG,N
CW2,PR,SAO JOSE DOS PINHAIS,DLG CURITIBA DI,S
CW3,PR,CURITIBA-PR,NOVA SERVICOS D,N
CWB,PR,SAO JOSE DOS PINHAIS,DLG CURITIBA,S
CWD,PR,SAO JOSE DOS PINHAIS,DLG CURITIBA,S
CWR,PR,SAO JOSE DOS PINHAIS,DIALOGO REDESPA,S
CWZ,PR,SAO JOSE DOS PINHAIS,DLG MM AMAZON P,S
CX1,RS,CAXIAS DO SUL-RS,DLG CAXIAS DO S,S
CXD,RS,CAXIAS DO SUL-RS,SER  LOGISTICA,S
CXS,RS,CAXIAS DO SUL-RS,TRANSUL MULTILO,N
CXW,RS,CAXIAS DO SUL-RS,LOGISTICA EXPRE,N
CZO,RS,CARAZINHO-RS,CORREIO DO POVO,N
DEP,SP,JUNDIAI-SP,ALMOXARIFADO DL,S
DEV,SP,JUNDIAI-SP,DEVOLUCOES DIAL,S
DFA,DF,GAMA-DF,DIALOGO LOGISTI,N
DFB,DF,GAMA-DF,DIALOGO LOGISTI,S
DFE,DF,NUCLEO BANDEIRANTE-D,MIDIA DISTRIBUI,N
DFM,RS,PORTO ALEGRE-RS,GASTOS CORP. DI,S
DLL,RS,PORTO ALEGRE-RS,LOJA DIALOGO,N
DLP,PR,CURITIBA-PR,CLIENTES P/M PR,N
DLS,SC,SAO JOSE-SC,CLIENTES P/M SC,N
DV,MG,DIVINOPOLIS-MG,Alias histórico,S
EGN,RJ,RIO DE JANEIRO-RJ,WC LOG,S
EPD,ES,VITORIA-ES,DEVOLUCOES DIAL,S
EPR,ES,VITORIA-ES,DLG ESPIRITO SA,S
EPT,ES,VITORIA-ES,DLG ESPIRITO SA,S
ERC,RS,ERECHIM-RS,SB LOGISTICA,S
ERE,RS,ERECHIM-RS,POINT TRANSPORT,N
ERM,RS,ERECHIM-RS,ASTEROIDE TRANS,N
ERP,ES,VITORIA-ES,DLG ESPIRITO SA,N
ESZ,ES,VITORIA-ES,DEVOLUCOES DIAL,S
EXT,MG,EXTREMA-MG,DLG BH,S
FAC,PR,SAO JOSE DOS PINHAIS,GASTOS CORPORAT,S
FBE,PR,FRANCISCO BELTRAO-PR,MURICI TRANSPOR,S
FBT,PR,FRANCISCO BELTRAO-PR,X EXPRESS TRANS,S
FDS,BA,FEIRA DE SANTANA-BA,DIFEL LOGISTICA,S
FEC,RS,PORTO ALEGRE-RS,FECHADA,S
FEI,BA,FEIRA DE SANTANA-BA,BRJ EXPRESSO TR,N
FIS,MG,EXTREMA-MG,FISIA COMERCIO,S
FL1,SC,PALHOCA-SC,DLG FLORIANOPOL,N
FL2,SC,PALHOCA-SC,DLG FLORIANOPOL,S
FLD,SC,PALHOCA-SC,DLG FLORIANOPOL,S
FLI,SC,PALHOCA-SC,DLG FLORIANOPOL,S
FLN,SC,PALHOCA-SC,DLG FLORIANOPOL,S
FLP,SC,PALHOCA-SC,SEGURANCA PATRI,S
FLR,SC,PALHOCA-SC,DIALOGO REDESPA,S
FLX,SC,SAO JOSE-SC,DLG EXPRESSA FL,N
FLZ,SC,PALHOCA-SC,DLG MM AMAZON S,S
FOR,CE,FORTALEZA-CE,LOSUNG EXPRESS,N
FOZ,PR,CASCAVEL-PR,SET CINCO TRANS,N
FRE,RS,CARAZINHO-RS,BUENAS EXPRESS,N
FRL,RS,PORTO ALEGRE-RS,FREE LANCER MOT,N
FRT,RS,PORTO ALEGRE-RS,FROTA,N
FTZ,CE,FORTALEZA-CE,CEARA EXPRESS,N
FWN,RS,FREDERICO WESTPHALEN,EXCLUSIVA DISTR,S
FZA,CE,FORTALEZA-CE,GN LOGISTICA,S
GAP,SC,GAROPABA-SC,VIDEO 7,N
GIG,RJ,RIO DE JANEIRO-RJ,DLG RIO DE JANE,S
GLV,MG,GOVERNADOR VALADARES,LUCIANA BRANDAO,N
GOC,SP,JUNDIAI-SP,DLG GOCASE,S
GOI,GO,APARECIDA DE GOIANIA,DIALOGO LOGISTI,S
GOZ,GO,APARECIDA DE GOIANIA,DIALOGO APARECI,S
GP1,RS,GRAVATAI-RS,DLG PORTO ALEGR,S
GP2,RS,NOVO HAMBURGO-RS,JETLOG,N
GPA,RS,CANOAS-RS,METRO EXPRESS,N
GPB,PR,GUARAPUAVA-PR,UERBALOG ENTREG,N
GPI,RS,GRAVATAI-RS,Alias histórico de GP1,S
GPV,PR,GUARAPUAVA-PR,MURICI TRANSPOR,S
GRI,PR,CURITIBA-PR,TRANSPORTES GRI,N
GRP,ES,VITORIA-ES,CP DISTRIBUICAO,S
GRU,SP,GUARULHOS-SP,K. S. SOUZA TRA,N
GSP,SC,GASPAR-SC,SEGURANCA PATRI,S
GTI,RS,GRAVATAI-RS,EDUARDO SILVA D,N
GUA,PR,GUARAPUAVA-PR,X EXPRESS TRANS,S
GUB,RS,GUAIBA-RS,MICHELON LOGIST,S
GVA,MG,BELO HORIZONTE-MG,DIRECT DELIVERY,N
GVL,MG,GOVERNADOR VALADARES,LUCIANA BRANDAO,S
GVR,MG,GOVERNADOR VALADARES,DIRECT DELIVERY,N
GVT,RS,GRAVATAI-RS,SEGURANCA PATRI,S
GXP,MG,GUAXUPE-MG,ENCOMENDAS MART,N
GYN,GO,APARECIDA DE GOIANIA,DIALOGO LOGISTI,S
HUB,SP,JUNDIAI-SP,DLG HUB,S
IBI,RS,IBIRUBA-RS,SS IBIRUBA TRAN,N
IJI,RS,IJUI-RS,A. L. LOGISTICA,S
IJU,RS,IJUI-RS,JADLOGISTICA,N
ILH,RJ,RIO DE JANEIRO-RJ,WC LOG,S
IOS,BA,FEIRA DE SANTANA-BA,TRANSPORTES E M,N
IPG,MG,IPATINGA-MG,DIRECT DELIVERY,N
IPT,MG,IPATINGA-MG,EXPRESSO ROSARI,S
ISC,SC,PALHOCA-SC,ISCAS DIALOGO,N
ITA,BA,ITABUNA-BA,MGLOG  ENTREGAS,N
ITB,MG,UBERLANDIA-MG,RAPIDO EXPRESSO,S
ITI,SC,ITAJAI-SC,EDUARDA BRANCO,N
ITJ,SC,ITAJAI-SC,ALTO VALE TRANS,N
ITM,RJ,ITABORAI-RJ,WC LOG,S
ITN,SC,LAGES-SC,ITANAVE CENTRO,N
ITU,GO,ITUMBIARA-GO,LET'S EXPRESS,S
ITZ,SC,ITAJAI-SC,JJL TRANSPORTES,S
IVP,PR,IVAIPORA-PR,TRANS DALL'PRA,N
JAB,PE,JABOATAO DOS GUARARA,DLG JABOATAO DO,S
JAP,RJ,JAPERI-RJ,WC LOG,S
JAU,SP,JAU-SP,ANA CLAUDIA CLE,N
JCA,SC,JOACABA-SC,MOACIR PILONETO,S
JCS,SC,BALNEARIO PICARRAS-S,JCS BRASIL ELET,S
JDF,MG,JUIZ DE FORA-MG,PMT LOGISTICA L,S
JDI,SP,JUNDIAI-SP,TIME DISTRIBUIC,S
JDO,CE,FORTALEZA-CE,GN LOGISTICA,S
JFO,MG,JUIZ DE FORA-MG,DLI COLETAS E E,S
JGR,RS,PORTO ALEGRE-RS,JANGAR LTDA,N
JGS,SC,JARAGUA DO SUL-SC,HELLO ECOMERCE,S
JND,SP,JUNDIAI-SP,DLG JUNDIAI,S
JNR,SP,JUNDIAI-SP,DIALOGO JUNDIAI,S
JNS,SP,JUNDIAI-SP,DLG JUNDIAI,S
JOI,SC,JOINVILLE-SC,ALTO VALE TRANS,N
JON,ES,VITORIA-ES,CP DISTRIBUICAO,S
JOV,SC,JOINVILLE-SC,DIALOGO LOGISTI,S
JPA,PB,JOAO PESSOA-PB,MARINHO DISTRIB,N
JPE,PB,JOAO PESSOA-PB,LOG SERV. E PAR,S
JPR,PB,JOAO PESSOA-PB,DIALOGO JOAO PE,S
JRM,RS,PORTO ALEGRE-RS,GASTOS CORP. JU,S
JUN,SP,JUNDIAI-SP,DLG JUNDIAI,N
JV2,SC,JOINVILLE-SC,DIALOGO LOGISTI,S
JVE,SC,JOINVILLE-SC,JLC DISTRIBUIDO,N
JVL,SC,JOINVILLE-SC,CARGAS JOINVILL,N
JVO,SC,JOINVILLE-SC,A FEIRA ONLINE,N
JVS,SC,JOINVILLE-SC,SEGURANCA PATRI,S
JZF,MG,JUIZ DE FORA-MG,SAVINO EXPRESS,S
KAL,SP,BARUERI-SP,DLG JUNDIAI KAL,S
LAG,SC,LAGES-SC,EXPRESSO  SEGUR,N
LBE,MG,CONTAGEM-MG,TRANSLAG TRANSP,N
LBO,MG,CONTAGEM-MG,TRANSLAG TRANSP,N
LBR,DF,GAMA-DF,TRANSLAG BRASIL,N
LCA,SP,CAJAMAR-SP,TRANSLAG TRANSP,N
LDA,PR,IBIPORA-PR,MURICI TRANSPOR,S
LDB,PR,LONDRINA-PR,ATIVA EXPRESS,N
LDR,PR,LONDRINA-PR,ATIVA EXPRES,S
LDR0,PR,LONDRINA-PR,Alias histórico de LDR,S
LGE,SC,LAGES-SC,DIGRAPLAN,S
LGR,SC,LAGES-SC,DIGRAPLAN,N
LGV,RS,LAGOA VERMELHA-RS,ICM TRANSPORTES,N
LIL,PR,PARANAGUA-PR,AMARILIO FRANCI,S
LIN,ES,COLATINA-ES,MOTO EXPRESS,S
LIR,RS,NOVO HAMBURGO-RS,ELO LOGISTICA,N
LIT,PR,PARANAGUA-PR,TVL EXPRESS,N
LJD,RS,LAJEADO-RS,MISSOES DIST. D,S
LJO,PR,CURITIBA-PR,SUNSHINE ENCOME,N
LN2,PR,LONDRINA-PR,DIALOGO EDSP LO,S
LNA,PR,IBIPORA-PR,SEGURANCA PATRI,S
LNH,ES,VITORIA-ES,CP DISTRIBUICAO,S
LOD,PR,LONDRINA-PR,DLG LONDRINA,N
LOG,RS,PORTO ALEGRE-RS,LOGTIME,N
LON,PR,LONDRINA-PR,DLG LONDRINA,N
LOR,PR,LONDRINA-PR,DLG LONDRINA,N
LUX,SP,SUMARE-SP,DLG JUNDIAI LUX,S
M3P,SP,JUNDIAI-SP,DIALOGO MAGAZIN,N
MAB,MG,CONTAGEM-MG,DLG JUNDIAI MAN,S
MAG,SP,LOUVEIRA-SP,DLG JUNDIAI MAG,N
MAN,SP,SAO PAULO-SP,DLG JUNDIAI MAN,S
MAR,PR,MARINGA-PR,DIALOGO LOGISTI,S
MAT,ES,CARIACICA-ES,CP DISTRIBUICAO,S
MCZ,AL,MACEIO-AL,LOG SERVICOS E,S
MES,RJ,NILOPOLIS-RJ,WC LOG,S
MG2,PR,MARINGA-PR,DIALOGO LOGISTI,S
MGA,PR,MARINGA-PR,SET CINCO TRANS,N
MGF,PR,MARINGA-PR,DV PUBLICACOES,N
MGM,PR,MARINGA-PR,DISTRIBUIDORA S,N
MGR,PR,MARINGA-PR,SET CINCO TRANS,N
MLU,RS,CAXIAS DO SUL-RS,DLG PA MAGALU C,N
MNG,PR,MARINGA-PR,ATIVA EXPRESS,N
MRA,PR,MARINGA-PR,MOTA E BAPTISTA,S
MRG,PR,MARINGA-PR,MURICI TRANSPOR,S
MRI,PR,MARINGA-PR,SEGURANCA PATRI,S
MTD,RS,MOSTARDAS-RS,CD MOSTARDAS,N
MTZ,RS,PORTO ALEGRE-RS,MATRIZ,S
NAT,RS,CANOAS-RS,DLG NATURA,N
NEP,DF,BRASILIA-DF,PA CLIENTE NESP,S
NES,SP,ARACARIGUAMA-SP,DIALOGO LOGISTI,S
NHB,RS,NOVO HAMBURGO-RS,ELO LOGISTICA,N
NHO,RS,NOVO HAMBURGO-RS,FAMILIA JAVONI,N
NOW,SP,JUNDIAI-SP,NOW SP - EXTRAV,N
NPO,RS,PORTO ALEGRE-RS,NESPRESSO PORTO,S
NTA,RN,NATAL-RN,LS ENTREGAS LTD,S
NTL,RN,PARNAMIRIM-RN,LOG SERVICOS E,S
NVG,RJ,NOVA IGUACU-RJ,WC LOG,S
NVN,ES,VITORIA-ES,CP DISTRIBUICAO,S
NVO,RS,NOVO HAMBURGO-RS,SER DISTRIBUICA,S
NVU,RJ,NOVA IGUACU-RJ,WC LOG,S
OBK,SP,JUNDIAI-SP,DLG OBK,S
OLA,RJ,RIO DE JANEIRO-RJ,WC LOG,S
OSO,RS,OSORIO-RS,CSN TRANSPORTES,N
PA1,RS,CACHOEIRINHA-RS,DLG PORTO ALEGR,S
PA2,RS,PORTO ALEGRE-RS,MOVILOG TRANSPO,N
PAF,RS,PASSO FUNDO-RS,MAROSTICA DISTR,N
PAR,PR,PARANAVAI-PR,EKADY TRANSPORT,N
PAS,RS,PASSO FUNDO-RS,MDS EXPRESS LOG,N
PCB,SP,PIRACICABA-SP,DALLAN RICARDO,N
PCL,MG,POCOS DE CALDAS-MG,DLG POCOS DE CA,N
PEL,RS,PELOTAS-RS,DIBA PUBLICACOE,S
PES,RJ,RIO DE JANEIRO-RJ,WC LOG,S
PET,RS,PELOTAS-RS,UMBRELLA TRANSP,N
PEX,MG,EXTREMA-MG,PRIVALIA BRASIL,S
PFU,RS,PASSO FUNDO-RS,MAROSTICA DISTR,S
PGO,PR,PONTA GROSSA-PR,PERISSUTTI LOGI,N
PGR,PR,PONTA GROSSA-PR,REDE OK LOG,S
PIR,SP,PIRACICABA-SP,THE FLASH,N
PL2,RS,PELOTAS-RS,DIBA PUBLICACOE,N
PLC,SC,PALHOCA-SC,TRANSPORTADORA,S
PLM,RS,PALMEIRA DAS MISSOES,EXCLUSIVA DISTR,N
PLO,SC,ITAJAI-SC,PETLOVE FILIAL,S
PLR,RS,RIO GRANDE-RS,C. M. ENTREGAS,S
PLT,RS,PELOTAS-RS,MBC TRANSPORTES,N
PNG,PR,PONTAL DO PARANA-PR,HOMEGA EXPRESS,S
PNH,RS,PORTO ALEGRE-RS,OPERACOES LOGIS,N
POA,RS,CACHOEIRINHA-RS,DLG PORTO ALEGR,S
POC,MG,POCOS DE CALDAS-MG,MMC TRANSPORTES,S
POD,RS,CACHOEIRINHA-RS,DLG PORTO ALEGR,S
POI,RS,CACHOEIRINHA-RS,DLG PORTO ALEGR,S
POR,RS,CACHOEIRINHA-RS,DLG PORTO ALEGR,S
POW,SC,PALHOCA-SC,ISCAS DIALOGO,S
POX,RS,PORTO ALEGRE-RS,DLG EXPRESSA PO,N
POZ,RS,CACHOEIRINHA-RS,DLG MM AMAZON,S
PPB,SP,PRESIDENTE PRUDENTE-,UP EXPRESS LOGI,N
PRB,RJ,PARACAMBI-RJ,WC LOG,S
PSA,MG,POUSO ALEGRE-MG,DISTRIBUIDORA M,N
PSF,RS,PASSO FUNDO-RS,MURICI TRANSPOR,S
PSO,MG,POUSO ALEGRE-MG,SULMINAS CARGO,N
PSR,RS,PASSO FUNDO-RS,MURICI TRANSPOR,S
PTB,PR,GUARAPUAVA-PR,UERBALOG ENTREG,N
PTL,PE,PETROLINA-PE,JOTAS SERVICE L,S
PTO,PE,PETROLINA-PE,MENORAH EXPRESS,S
PTR,PE,SALGUEIRO-PE,JWC TRANSPORTE,S
QSC,SP,SAO CARLOS-SP,DJR EXPRESS LOG,N
QUE,RJ,QUEIMADOS-RJ,WC LOG,S
RAO,SP,RIBEIRAO PRETO-SP,PREMICI TRANSPO,N
RDJ,RJ,RIO DE JANEIRO-RJ,CS LOG ENTREGAS,S
RDL,SC,RIO DO SUL-SC,AJGUTZLOGISTICA,S
RDS,SC,RIO DO SUL-SC,ESCAVAMAQ LOCAC,S
RDU,SC,RIO DO SUL-SC,LOG STOPASSOLLI,S
REC,PE,JABOATAO DOS GUARARA,LOG SERVICOS E,S
RED,RJ,RIO DE JANEIRO-RJ,DLG RIO DE JANE,S
REF,RS,PORTO ALEGRE-RS,REESTRUTURACAO,S
REG,SP,JUNDIAI-SP,DLG REGISTRO,S
RHM,RS,PORTO ALEGRE-RS,GASTOS CORPORAT,S
RID,SP,JUNDIAI-SP,DLG JUNDIAI VIA,S
RIG,PR,RIO NEGRO-PR,IVANTRANSPORTE,S
RIN,PR,MANDIRITUBA-PR,ORIVALDO RIBEIR,N
RIO,RJ,RIO DE JANEIRO-RJ,DLG RIO DE JANE,S
RIS,SC,RIO DO SUL-SC,4 EXPRESS LOGIS,S
RIT,RS,PORTO ALEGRE-RS,RITMO EXPRESS -,N
RIV,RJ,DUQUE DE CAXIAS-RJ,PA RIV VIA VARE,S
RNG,PR,CURITIBA-PR,TRANSBOLZANITRA,N
RNO,PR,RIO NEGRO-PR,VITORIA TRANSPO,N
ROS,RS,ROSARIO DO SUL-RS,EVIDENCE - CARL,N
RPT,SP,RIBEIRAO PRETO-SP,FRB CMRCIO E SE,N
RQM,SC,RANCHO QUEIMADO-SC,BORGES E HEINZ,N
RRS,RS,ROSARIO DO SUL-RS,PAULO RICARDO S,N
RSI,RS,PORTO ALEGRE-RS,RIO GRANDE DO S,N
RSL,SC,RIO DO SUL-SC,WEB EXPRESS TRA,N
RSO,RS,SANTA MARIA-RS,ALL EXPRESS,N
RSU,RS,ROSARIO DO SUL-RS,LERINA SERVICOS,S
RVG,GO,RIO VERDE-GO,DIALOGO LOGISTI,S
SAG,RS,IJUI-RS,EXPRESSO PST,N
SAL,SP,JUNDIAI-SP,DIALOGO SALVADO,S
SAM,SP,SAO PAULO-SP,SANSUNG ELETRON,S
SAN,RS,IJUI-RS,A. L. LOGISTICA,N
SAO,SP,JUNDIAI-SP,DLG SAO PAULO,N
SAT,SP,SANTOS-SP,SAINTLOG SERVIC,N
SAV,BA,SALVADOR-BA,SALVADOR ENTREG,S
SBC,SP,SAO BERNARDO DO CAMP,ASAP LOG - LOGI,N
SBO,RS,URUGUAIANA-RS,JK TRANSPORTES,N
SCR,RS,SANTA CRUZ DO SUL-RS,GRANA TRANSPORT,N
SCZ,RS,SANTA CRUZ DO SUL-RS,ENDER ENTREGAS,N
SDR,BA,SALVADOR-BA,LOG STOPASSOLLI,S
SEP,SP,JUNDIAI-SP,DLG SEP,S
SER,SE,ARACAJU-SE,TRANSCRUZ SERVI,N
SGB,RS,SAO GABRIEL-RS,TRANSPORTES ELI,N
SGL,RJ,SAO GONCALO-RJ,WC LOG,S
SIR,ES,SERRA-ES,DELUNA SOLUCOES,S
SJC,SP,CACAPAVA-SP,VIMASA ENCOMEND,N
SJK,SP,JACAREI-SP,VPR DISTRIBUICA,N
SJM,RJ,SAO JOAO DE MERITI-R,WC LOG,S
SJP,SP,SAO JOSE DO RIO PRET,DISTRIB. E EDIT,N
SLI,RS,SANTANA DO LIVRAMENT,MACHADO TRANSPO,N
SLZ,MA,SAO LUIS-MA,MONTENEGRO EXPR,N
SMA,RS,SANTA MARIA-RS,ZOOM ENTREGAS R,N
SMO,SC,SAO MIGUEL DO OESTE-,X EXPRESS TRANS,S
SMR,RS,SANTA MARIA-RS,ALL EXPRESS,N
SMT,ES,COLATINA-ES,MOTO EXPRESS,S
SNT,SC,SOMBRIO-SC,SINISTROS DIALO,S
SOB,CE,SOBRAL-CE,TRANSLOGGADO,S
SOD,SP,SOROCABA-SP,DIALOGO SOROCAB,N
SOR,SP,SOROCABA-SP,PRIME LOGISTICA,N
SPA,SP,JUNDIAI-SP,DLG SPA,S
SPO,SP,JANDIRA-SP,DLG SAO PAULO,N
SRA,RS,SANTA ROSA-RS,VECTORIAL TRANS,N
SRC,SP,SOROCABA-SP,PK2U TECNOLOGIA,S
SRO,RS,SANTA ROSA-RS,KAEFER E KAEFER,N
SRR,ES,SERRA-ES,DELUNA SOLUCOES,S
SSA,BA,SALVADOR-BA,BAHIA LOGISTICA,N
SSR,BA,SIMOES FILHO-BA,DIALOGO SALVADO,N
SSZ,SP,SANTOS-SP,PONTUAL DISTRIB,N
STC,RS,LAJEADO-RS,J.K. DISTRIBUID,N
STM,RS,SANTA MARIA-RS,MODO LOGISTICA,S
STZ,RS,SANTA CRUZ DO SUL-RS,MISSOES DISTRIB,S
SUM,SP,SUMARE-SP,TRANSPORTES TRA,S
SVD,BA,SALVADOR-BA,GOLD TRANSPORTE,S
SVO,RJ,RIO DE JANEIRO-RJ,WC LOG,S
SVR,BA,SALVADOR-BA,MSR TRANSPORTES,N
TBR,SC,TUBARAO-SC,ICA LOGISTICA E,S
TES,RS,PORTO ALEGRE-RS,TESTE TESTE DIA,S
TFG,RS,PORTO ALEGRE-RS,TRAFEGO LTL,S
TID,RS,PORTO ALEGRE-RS,GASTOS CORPORAT,S
TLB,PR,TELEMACO BORBA-PR,RARUS TRANSPORT,N
TMV,RS,PORTO ALEGRE-RS,TMV TRANSPORTES,N
TOK,MG,CONTAGEM-MG,DLG JUNDIAI TOK,N
TRC,MG,TRES CORACOES-MG,DISTRIBUIDORA M,N
TRI,RS,TRAMANDAI-RS,JIT LOGISTICS,N
TUB,SC,TUBARAO-SC,TRANSTAC TRANSP,N
UBA,MG,UBERLANDIA-MG,LETS EXPRESS LO,S
UBD,MG,UBERLANDIA-MG,MARIMAR DISTRIB,S
UBI,MG,UBERABA-MG,RAPIDO EXPRESSO,S
UBL,MG,UBERLANDIA-MG,RAPIDO EXPRESSO,S
UBR,MG,UBERABA-MG,LETS EXPRESS -,S
UMA,PR,MARINGA-PR,SET CINCO TRANS,N
UMR,PR,UMUARAMA-PR,E L S MARTINS T,S
UMU,PR,UMUARAMA-PR,UMU.LOG,N
URA,PR,UMUARAMA-PR,LUDEWIG E CAVAC,S
URG,RS,URUGUAIANA-RS,JK TRANSPORTES,N
URU,RS,SANTO ANGELO-RS,ELOI NERI WEBER,S
VAC,RS,LAGOA VERMELHA-RS,ICM TRANSPORTES,N
VAR,MG,VARGINHA-MG,CONECTELOG SOLU,N
VCA,BA,VITORIA DA CONQUISTA,LOG STOPASSOLLI,S
VCO,BA,VITORIA DA CONQUISTA,SPD LOGISTICA L,N
VCP,SP,CAMPINAS-SP,FAST LOG SERVIC,N
VCR,RS,CAXIAS DO SUL-RS,SER DISTRIBUIDO,S
VDA,BA,VITORIA DA CONQUISTA,LGP SERVICOS LT,S
VDC,BA,VITORIA DA CONQUISTA,GUERREIRO COVAS,N
VIC,ES,SERRA-ES,DELUNA SOLUCOES,S
VIR,ES,SERRA-ES,DELUNA SOLUCOES,S
VIT,ES,CARIACICA-ES,SEGURANCA PATRI,S
VIV,SP,JUNDIAI-SP,DLG JUNDIAI VIA,S
VIX,ES,CARIACICA-ES,CP DISTRIBUICAO,S
VNI,ES,CARIACICA-ES,CP DISTRIBUICAO,S
VTC,BA,VITORIA DA CONQUISTA,TRANSPARRA LTDA,N
XAP,SC,CHAPECO-SC,TRYX SOLUCOES,N
XEX,SC,XANXERE-SC,X EXPRESS TRANS,S
